{
  "E0_hash": "cc3e13f4a7c02fac5caf67dfe8dc2473412da58c7fbb84738404bea43953369d",
  "L": 256,
  "b": 3.5,
  "ell": 4,
  "env_rms": 0.03595229342442103,
  "epsilon_factor": 0.5,
  "f": 0.3,
  "gauge": "SU3",
  "grad_norm_slopes": {
    "r2_grad_norm": 0.35077986589427534,
    "s_grad_norm": -0.642662479143628
  },
  "grad_slopes": {
    "r2_grad": 0.3507798658942778,
    "s_grad": -0.6426624791436295
  },
  "kappa": 1.0,
  "lensing": [
    {
      "intercept": -7.0657786500530735,
      "lambda": 0.2,
      "r2": 0.160105544530887,
      "slope": 137.68021803633326
    },
    {
      "intercept": -17.66444662513268,
      "lambda": 0.5,
      "r2": 0.1601055445308872,
      "slope": 344.2005450908331
    },
    {
      "intercept": -35.32889325026536,
      "lambda": 1.0,
      "r2": 0.1601055445308872,
      "slope": 688.4010901816662
    }
  ],
  "median_grad": 0.12962277224803928,
  "pad_factor": 4,
  "phi_slopes": {
    "r2_phi": 0.19402866882715486,
    "s_phi": -0.19316611015827423
  },
  "seed": 4
}