{
  "E0_hash": "056ccf9b0645252815526fb56788de28cb866313e81b4117a226f1f3032a29b4",
  "L": 256,
  "b": 3.5,
  "ell": 4,
  "env_rms": 0.028761834739736824,
  "epsilon_factor": 0.5,
  "f": 0.3,
  "gauge": "SU2",
  "grad_norm_slopes": {
    "r2_grad_norm": 0.3507798658942788,
    "s_grad_norm": -0.6426624791436315
  },
  "grad_slopes": {
    "r2_grad": 0.35077986589427945,
    "s_grad": -0.6426624791436318
  },
  "kappa": 1.0,
  "lensing": [
    {
      "intercept": -7.065778650003952,
      "lambda": 0.2,
      "r2": 0.16010554453088777,
      "slope": 137.68021803537613
    },
    {
      "intercept": -17.664446625009877,
      "lambda": 0.5,
      "r2": 0.16010554453088754,
      "slope": 344.20054508844026
    },
    {
      "intercept": -35.32889325001975,
      "lambda": 1.0,
      "r2": 0.16010554453088754,
      "slope": 688.4010901768805
    }
  ],
  "median_grad": 0.1296227722471358,
  "pad_factor": 4,
  "phi_slopes": {
    "r2_phi": 0.1940286688271914,
    "s_phi": -0.19316611015828847
  },
  "seed": 2
}